{
    "context": {
        "domain": "onest:learning-experiences",
        "action": "search",
        "version": "1.1.0",
        "bap_id": "13.201.4.186:6002",
        "bap_uri": "http://13.201.4.186:6002/",
        "location": {
            "country": {
                "name": "India",
                "code": "IND"
            },
            "city": {
                "name": "Bangalore",
                "code": "std:080"
            }
        },
        "transaction_id": "a9aaecca-10b7-4d19-b640-b047a7c60008",
        "message_id": "a9aaecca-10b7-4d19-b640-b047a7c60009",
        "timestamp": "2023-02-06T09:55:41.161Z"
    },
    "message": {
        "intent": {
            "item": {
                "descriptor": {
                    "name": ""
                }
            }
        }
    }
}